{
  "project_info": {
    "project_number": "298856473867",
    "firebase_url": "https://e-manage-5150b.firebaseio.com",
    "project_id": "e-manage-5150b",
    "storage_bucket": "e-manage-5150b.appspot.com"
  },
  "client": [
    {
      "client_info": {
        "mobilesdk_app_id": "1:298856473867:android:555ac4cd0ba4b37c",
        "android_client_info": {
          "package_name": "com.example.hp.e_manage"
        }
      },
      "oauth_client": [
        {
          "client_id": "298856473867-dp55lotcjggvk6emlavbnsksanjjg4i8.apps.googleusercontent.com",
          "client_type": 3
        }
      ],
      "api_key": [
        {
          "current_key": "AIzaSyDvvJeQHFTElgGyhupDtaHMzbffBgGyaRo"
        }
      ],
      "services": {
        "analytics_service": {
          "status": 1
        },
        "appinvite_service": {
          "status": 1,
          "other_platform_oauth_client": []
        },
        "ads_service": {
          "status": 2
        }
      }
    }
  ],
  "configuration_version": "1"
}